run,n_files,n_event_up,type,first_sub_file,last_sub_file,missing_files
196,111,3330,test,1_a,42_c,56
197,76,2280,test,9_a,30_d,12
198,1792,53760,test,1_a,523_d,300
200,624,18720,cosmics,1_a,156_d,0
209,16,480,pedestal,1_a,4_d,0
210,28,840,pedestal,1_a,7_d,0
211,21,630,pedestal,1_a,6_d,3
212,22,660,pedestal,1_a,6_c,1
213,36,1080,pedestal,1_a,9_d,0
214,24,720,pedestal,1_a,6_d,0
215,18,540,pedestal,1_a,5_d,2
216,16,480,pedestal,1_a,4_d,0
217,20,600,test,1_a,5_d,0
218,20,600,pedestal,1_a,5_d,0
219,28,840,pedestal,1_a,7_d,0
220,16,480,pedestal,1_a,4_d,0
221,24,720,pedestal,1_a,6_d,0
222,16,480,pedestal,1_a,4_d,0
223,24,720,test,1_a,6_d,0
224,16,480,pedestal,1_a,4_d,0
225,20,600,pedestal,1_a,5_d,0
226,20,600,pedestal,1_a,5_d,0
227,20,600,test,1_a,5_d,0
228,20,600,test,1_a,5_d,0
229,40,1200,test,1_a,10_d,0
230,16,480,test,1_a,4_d,0
231,20,600,test,1_a,5_d,0
232,24,720,test,1_a,6_d,0
233,24,720,test,1_a,6_d,0
234,26,780,test,1_a,7_c,1
235,20,600,test,1_a,5_d,0
236,24,720,test,1_a,6_d,0
237,24,720,test,1_a,6_d,0
238,24,720,test,1_a,6_d,0
239,32,960,test,1_a,8_d,0
240,24,720,test,1_a,6_d,0
241,20,600,test,1_a,5_d,0
242,20,600,test,1_a,5_d,0
243,28,840,test,1_a,7_d,0
244,12,360,test,1_a,3_d,0
245,40,1200,test,1_a,10_d,0
246,36,1080,test,1_a,9_d,0
247,36,1080,test,1_a,9_d,0
248,36,1080,test,1_a,9_d,0
249,20,600,test,1_a,5_d,0
250,24,720,test,1_a,6_d,0
251,44,1320,test,1_a,11_d,0
252,28,840,test,1_a,7_d,0
253,39,1170,test,1_a,10_c,0
254,32,960,test,1_a,8_d,0
255,36,1080,test,1_a,9_d,0
256,24,720,test,1_a,6_d,0
257,24,720,test,1_a,6_d,0
258,24,720,test,1_a,6_d,0
259,28,840,test,1_a,7_d,0
260,44,1320,test,1_a,11_d,0
261,24,720,test,1_a,6_d,0
262,20,600,test,1_a,5_d,0
263,32,960,test,1_a,8_d,0
264,23,690,test,1_a,6_d,1
265,28,840,test,1_a,7_d,0
266,24,720,test,1_a,6_d,0
267,55,1650,test,1_a,14_d,1
268,24,720,test,1_a,6_d,0
269,32,960,test,1_a,8_d,0
270,32,960,test,1_a,8_d,0
271,68,2040,test,1_a,17_d,0
272,24,720,test,1_a,6_d,0
273,8,240,test,1_a,2_d,0
274,8,240,test,1_a,2_d,0
275,4,120,test,1_a,2_a,1
276,4,120,test,1_a,3_b,6
277,112,3360,test,1_a,28_d,0
278,12,360,test,1_a,3_d,0
279,8,240,test,1_a,2_d,0
280,8,240,test,1_a,2_d,0
281,8,240,test,1_a,2_d,0
282,8,240,test,1_a,2_d,0
283,208,6240,test,1_a,52_d,0
284,12,360,test,1_a,3_d,0
285,8,240,test,1_a,2_d,0
286,8,240,test,1_a,2_d,0
287,8,240,test,1_a,2_d,0
288,8,240,test,1_a,2_d,0
289,9,270,test,1_a,3_d,3
290,8,240,test,1_a,2_d,0
291,8,240,test,1_a,2_d,0
292,4,120,test,1_a,1_d,0
293,8,240,test,1_a,2_d,0
294,8,240,test,1_a,2_d,0
295,8,240,test,1_a,2_d,0
296,4,120,test,1_a,1_d,0
297,4,120,test,1_a,1_d,0
298,4,120,test,1_a,1_d,0
299,8,240,test,1_a,2_d,0
300,4,120,test,1_a,1_d,0
301,8,240,test,1_a,2_d,0
302,8,240,test,1_a,2_d,0
303,8,240,test,1_a,2_d,0
304,4,120,test,1_a,1_d,0
305,4,120,test,1_a,1_d,0
306,4,120,test,1_a,1_d,0
307,8,240,test,1_a,2_d,0
308,8,240,test,1_a,2_d,0
309,4,120,test,1_a,1_d,0
310,12,360,test,1_a,3_d,0
311,8,240,test,1_a,2_d,0
312,8,240,test,1_a,2_d,0
313,4,120,test,1_a,1_d,0
314,8,240,test,1_a,2_d,0
315,8,240,test,1_a,2_d,0
316,16,480,test,1_a,4_d,0
317,8,240,test,1_a,2_d,0
318,8,240,test,1_a,2_d,0
319,12,360,test,1_a,3_d,0
320,8,240,test,1_a,2_d,0
321,8,240,test,1_a,2_d,0
322,8,240,test,1_a,2_d,0
323,8,240,test,1_a,2_d,0
324,8,240,test,1_a,2_d,0
325,4,120,test,1_a,1_d,0
326,8,240,test,1_a,2_d,0
327,8,240,test,1_a,2_d,0
328,12,360,test,1_a,3_d,0
329,48,1440,test,1_a,12_d,0
330,4,120,test,1_a,1_d,0
331,4,120,test,1_a,1_d,0
332,8,240,test,1_a,2_d,0
333,8,240,test,1_a,2_d,0
334,4,120,test,1_a,1_d,0
335,8,240,test,1_a,2_d,0
336,4,120,test,1_a,1_d,0
337,8,240,test,1_a,2_d,0
338,8,240,test,1_a,2_d,0
339,8,240,test,1_a,2_d,0
340,12,360,test,1_a,3_d,0
341,8,240,test,1_a,2_d,0
342,8,240,test,1_a,2_d,0
343,8,240,test,1_a,2_d,0
344,8,240,test,1_a,2_d,0
345,8,240,test,1_a,2_d,0
346,8,240,test,1_a,2_d,0
347,8,240,test,1_a,2_d,0
348,4,120,test,1_a,1_d,0
349,4,120,test,1_a,1_d,0
350,8,240,test,1_a,2_d,0
351,4,120,test,1_a,1_d,0
352,8,240,test,1_a,2_d,0
353,4,120,test,1_a,1_d,0
354,4,120,test,1_a,1_d,0
355,8,240,test,1_a,2_d,0
356,8,240,test,1_a,2_d,0
357,8,240,test,1_a,2_d,0
358,4,120,test,1_a,1_d,0
359,8,240,test,1_a,2_d,0
360,17,510,test,1_a,5_d,3
361,8,240,test,1_a,2_d,0
362,8,240,test,1_a,2_d,0
363,4,120,test,1_a,1_d,0
364,4,120,test,1_a,1_d,0
365,8,240,test,1_a,2_d,0
366,4,120,test,1_a,1_d,0
367,4,120,test,1_a,1_d,0
368,4,120,test,1_a,1_d,0
369,4,120,test,1_a,1_d,0
370,4,120,test,1_a,1_d,0
371,4,120,test,1_a,1_d,0
372,4,120,test,1_a,1_d,0
373,8,240,test,1_a,2_d,0
374,36,1080,test,1_a,9_d,0
375,8,240,test,1_a,2_d,0
376,8,240,test,1_a,2_d,0
377,16,480,test,1_a,4_d,0
378,8,240,test,1_a,2_d,0
379,8,240,test,1_a,2_d,0
380,8,240,test,1_a,2_d,0
381,12,360,test,1_a,3_d,0
382,8,240,test,1_a,2_d,0
383,12,360,test,1_a,3_d,0
384,8,240,test,1_a,2_d,0
385,4,120,test,1_a,1_d,0
386,8,240,test,1_a,2_d,0
387,8,240,test,1_a,2_d,0
388,8,240,test,1_a,2_d,0
389,8,240,test,1_a,2_d,0
390,12,360,test,1_a,3_d,0
391,8,240,test,1_a,2_d,0
392,8,240,test,1_a,2_d,0
393,8,240,test,1_a,2_d,0
394,8,240,test,1_a,2_d,0
395,8,240,test,1_a,2_d,0
396,8,240,test,1_a,2_d,0
397,8,240,test,1_a,2_d,0
398,8,240,test,1_a,2_d,0
399,8,240,test,1_a,2_d,0
400,28,840,test,1_a,7_d,0
401,36,1080,test,1_a,9_d,0
402,22,660,test,1_a,7_d,6
403,7,210,test,1_a,2_d,1
404,14,420,test,1_a,5_a,3
405,24,720,test,1_a,6_d,0
406,24,720,test,1_a,6_d,0
407,28,840,test,1_a,7_d,0
408,28,840,test,1_a,7_d,0
409,19,570,test,1_a,5_d,1
410,40,1200,test,1_a,10_d,0
411,20,600,test,1_a,5_d,0
412,8,240,test,1_a,2_d,0
425,24,720,test,1_a,6_d,0
426,23,690,test,1_a,6_c,0
427,24,720,test,1_a,6_d,0
428,27,810,test,1_a,7_d,1
429,32,960,test,1_a,8_d,0
430,32,960,test,1_a,8_d,0
431,132,3960,test,1_a,33_d,0
432,28,840,test,1_a,7_d,0
433,4,120,test,1_a,1_d,0
434,4,120,test,1_a,1_d,0
435,4,120,test,1_a,1_d,0
436,4,120,test,1_a,1_d,0
437,4,120,test,1_a,1_d,0
438,4,120,test,1_a,1_d,0
439,4,120,test,1_a,1_d,0
440,24,720,test,1_a,6_d,0
441,8,240,test,1_a,2_d,0
442,8,240,test,1_a,2_d,0
443,36,1080,test,1_a,9_d,0
444,20,600,test,1_a,5_d,0
445,24,720,test,1_a,6_d,0
446,16,480,test,1_a,4_d,0
447,76,2280,test,1_a,19_d,0
448,23,690,test,1_a,6_d,1
449,15,450,test,1_a,4_c,0
450,20,600,test,1_a,5_d,0
451,52,1560,test,1_a,13_d,0
452,32,960,test,1_a,8_d,0
453,42,1260,test,1_a,11_b,0
454,28,840,test,1_a,7_d,0
455,4,120,test,1_a,1_d,0
456,20,600,test,1_a,5_d,0
457,16,480,test,1_a,4_d,0
458,16,480,test,1_a,4_d,0
459,24,720,test,1_a,6_d,0
460,19,570,test,1_a,5_d,1
461,24,720,test,1_a,6_d,0
462,16,480,test,1_a,4_d,0
463,16,480,test,1_a,4_d,0
464,15,450,test,1_a,4_c,0
465,28,840,test,1_a,7_d,0
466,20,600,test,1_a,5_d,0
467,32,960,test,1_a,8_d,0
468,20,600,test,1_a,5_d,0
469,16,480,test,1_a,4_d,0
470,20,600,test,1_a,5_d,0
471,16,480,test,1_a,4_d,0
472,20,600,test,1_a,5_d,0
473,24,720,test,1_a,6_d,0
474,20,600,test,1_a,5_d,0
475,24,720,test,1_a,6_d,0
476,16,480,test,1_a,4_d,0
477,20,600,test,1_a,5_d,0
478,17,510,test,1_a,5_d,3
479,20,600,test,1_a,5_d,0
480,20,600,test,1_a,5_d,0
481,20,600,test,1_a,5_d,0
482,20,600,test,1_a,5_d,0
483,16,480,test,1_a,4_d,0
484,24,720,test,1_a,6_d,0
485,20,600,test,1_a,5_d,0
486,20,600,test,1_a,5_d,0
487,16,480,test,1_a,4_d,0
488,16,480,test,1_a,4_d,0
489,28,840,test,1_a,7_d,0
490,20,600,test,1_a,5_d,0
491,24,720,test,1_a,6_d,0
492,20,600,test,1_a,5_d,0
493,24,720,test,1_a,6_d,0
494,20,600,test,1_a,5_d,0
495,24,720,test,1_a,6_d,0
496,16,480,test,1_a,4_d,0
497,20,600,test,1_a,5_d,0
498,28,840,test,1_a,7_d,0
499,20,600,test,1_a,5_d,0
500,16,480,test,1_a,4_d,0
501,20,600,test,1_a,5_d,0
502,16,480,test,1_a,4_d,0
507,24,720,test,1_a,6_d,0
508,36,1080,test,1_a,9_d,0
509,16,480,test,1_a,4_d,0
510,20,600,test,1_a,5_d,0
511,19,570,test,1_a,5_d,1
514,20,600,test,1_a,5_d,0
515,8,240,test,1_a,2_d,0
618,1,30,test,1_a,1_a,0
730,12,360,test,1_a,3_d,0
731,8,240,test,1_a,2_d,0
732,8,240,test,1_a,2_d,0
733,4,120,test,1_a,1_d,0
734,4,120,test,1_a,1_d,0
735,8,240,test,1_a,2_d,0
736,4,120,test,1_a,1_d,0
737,198,5940,test,1_a,50_d,2
738,4,120,test,1_a,1_d,0
740,24,720,test,1_a,6_d,0
741,28,840,test,1_a,7_d,0
742,16,480,test,1_a,4_d,0
743,28,840,test,1_a,7_d,0
744,24,720,test,1_a,6_d,0
745,16,480,test,1_a,4_d,0
746,16,480,test,1_a,4_d,0
747,16,480,test,1_a,4_d,0
748,16,480,test,1_a,4_d,0
749,28,840,test,1_a,7_d,0
750,28,840,test,1_a,7_d,0
751,20,600,test,1_a,5_d,0
752,16,480,test,1_a,4_d,0
753,20,600,test,1_a,5_d,0
754,24,720,test,1_a,6_d,0
755,16,480,test,1_a,4_d,0
756,20,600,test,1_a,5_d,0
757,20,600,test,1_a,5_d,0
758,20,600,test,1_a,5_d,0
759,16,480,test,1_a,4_d,0
760,24,720,test,1_a,6_d,0
761,16,480,test,1_a,4_d,0
762,20,600,test,1_a,5_d,0
763,16,480,test,1_a,4_d,0
764,32,960,test,1_a,8_d,0
765,20,600,test,1_a,5_d,0
766,20,600,test,1_a,5_d,0
767,16,480,test,1_a,4_d,0
768,20,600,test,1_a,5_d,0
769,16,480,test,1_a,4_d,0
770,20,600,test,1_a,5_d,0
771,36,1080,test,1_a,9_d,0
772,24,720,test,1_a,6_d,0
773,44,1320,test,1_a,11_d,0
774,20,600,test,1_a,5_d,0
775,20,600,test,1_a,5_d,0
776,16,480,test,1_a,4_d,0
777,16,480,test,1_a,4_d,0
778,20,600,test,1_a,5_d,0
779,24,720,test,1_a,6_d,0
780,16,480,test,1_a,4_d,0
781,52,1560,test,1_a,13_d,0
782,28,840,test,1_a,7_d,0
783,20,600,test,1_a,5_d,0
784,65,1950,test,1_a,17_a,0
785,24,720,test,1_a,6_d,0
786,24,720,test,1_a,6_d,0
787,20,600,test,1_a,5_d,0
788,20,600,test,1_a,5_d,0
789,16,480,test,1_a,4_d,0
790,24,720,test,1_a,6_d,0
791,14,420,test,1_a,4_b,0
792,20,600,test,1_a,5_d,0
793,16,480,test,1_a,4_d,0
794,24,720,test,1_a,6_d,0
795,24,720,test,1_a,6_d,0
796,20,600,test,1_a,5_d,0
797,16,480,test,1_a,4_d,0
798,20,600,test,1_a,5_d,0
799,28,840,test,1_a,7_d,0
800,36,1080,test,1_a,9_d,0
801,36,1080,test,1_a,9_d,0
802,44,1320,test,1_a,11_d,0
803,32,960,test,1_a,8_d,0
804,36,1080,test,1_a,9_d,0
805,28,840,test,1_a,7_d,0
806,40,1200,test,1_a,10_d,0
807,16,480,test,1_a,4_d,0
808,23,690,test,1_a,6_c,0
809,20,600,test,1_a,5_d,0
810,32,960,test,1_a,8_d,0
811,32,960,test,1_a,8_d,0
812,20,600,test,1_a,5_d,0
813,24,720,test,1_a,6_d,0
814,24,720,test,1_a,6_d,0
815,20,600,test,1_a,5_d,0
816,16,480,test,1_a,4_d,0
817,8,240,test,1_a,2_d,0
818,16,480,test,1_a,4_d,0
819,20,600,test,1_a,5_d,0
820,20,600,test,1_a,5_d,0
821,20,600,test,1_a,5_d,0
822,28,840,test,1_a,7_d,0
823,36,1080,test,1_a,9_d,0
824,52,1560,test,1_a,13_d,0
825,20,600,test,1_a,5_d,0
826,20,600,test,1_a,5_d,0
827,20,600,test,1_a,5_d,0
828,24,720,test,1_a,6_d,0
829,16,480,test,1_a,4_d,0
830,24,720,test,1_a,6_d,0
831,20,600,test,1_a,5_d,0
832,20,600,test,1_a,5_d,0
833,36,1080,test,1_a,9_d,0
834,20,600,test,1_a,5_d,0
835,16,480,test,1_a,4_d,0
836,20,600,test,1_a,5_d,0
837,16,480,test,1_a,4_d,0
838,16,480,test,1_a,4_d,0
839,20,600,test,1_a,5_d,0
840,24,720,test,1_a,6_d,0
841,20,600,test,1_a,5_d,0
842,36,1080,test,1_a,9_d,0
843,24,720,test,1_a,6_d,0
844,16,480,test,1_a,4_d,0
845,20,600,test,1_a,5_d,0
846,16,480,test,1_a,4_d,0
847,12,360,test,1_a,3_d,0
848,24,720,test,1_a,6_d,0
849,24,720,test,1_a,6_d,0
850,28,840,test,1_a,7_d,0
851,16,480,test,1_a,4_d,0
852,28,840,test,1_a,7_d,0
853,20,600,test,1_a,5_d,0
854,24,720,test,1_a,6_d,0
855,16,480,test,1_a,4_d,0
856,20,600,test,1_a,5_d,0
857,16,480,test,1_a,4_d,0
858,12,360,test,1_a,3_d,0
859,13,390,test,1_a,4_a,0
860,20,600,test,1_a,5_d,0
861,16,480,test,1_a,4_d,0
862,20,600,test,1_a,5_d,0
863,24,720,test,1_a,6_d,0
864,24,720,test,1_a,6_d,0
865,24,720,test,1_a,6_d,0
866,28,840,test,1_a,7_d,0
867,20,600,test,1_a,5_d,0
868,16,480,test,1_a,4_d,0
869,32,960,test,1_a,8_d,0
870,24,720,test,1_a,6_d,0
871,24,720,test,1_a,6_d,0
872,28,840,test,1_a,7_d,0
873,28,840,test,1_a,7_d,0
874,24,720,test,1_a,6_d,0
875,36,1080,test,1_a,9_d,0
876,28,840,test,1_a,7_d,0
877,20,600,test,1_a,5_d,0
878,28,840,test,1_a,7_d,0
879,16,480,test,1_a,4_d,0
880,24,720,test,1_a,6_d,0
881,28,840,test,1_a,7_d,0
882,24,720,test,1_a,6_d,0
883,24,720,test,1_a,6_d,0
884,20,600,test,1_a,5_d,0
885,16,480,test,1_a,4_d,0
886,24,720,test,1_a,6_d,0
887,20,600,test,1_a,5_d,0
888,16,480,test,1_a,4_d,0
889,20,600,test,1_a,5_d,0
890,24,720,test,1_a,6_d,0
891,24,720,test,1_a,6_d,0
898,4,120,test,1_a,1_d,0
899,4,120,test,1_a,1_d,0
900,12,360,test,1_a,3_d,0
901,28,840,test,1_a,7_d,0
902,24,720,test,1_a,6_d,0
903,20,600,test,1_a,5_d,0
904,24,720,test,1_a,6_d,0
905,16,480,test,1_a,4_d,0
906,24,720,pedestal,1_a,6_d,0
907,16,480,test,1_a,4_d,0
908,20,600,test,1_a,5_d,0
909,20,600,test,1_a,5_d,0
910,28,840,test,1_a,7_d,0
911,16,480,test,1_a,4_d,0
912,20,600,test,1_a,5_d,0
913,8,240,test,1_a,2_d,0
914,16,480,test,1_a,4_d,0
915,20,600,test,1_a,5_d,0
916,20,600,test,1_a,5_d,0
917,16,480,test,1_a,4_d,0
918,28,840,test,1_a,7_d,0
919,20,600,test,1_a,5_d,0
920,12,360,pedestal,1_a,3_d,0
921,32,960,pedestal,1_a,8_d,0
922,8,240,test,1_a,2_d,0
923,28,840,test,1_a,7_d,0
924,20,600,pedestal,1_a,5_d,0
925,20,600,pedestal,1_a,5_d,0
926,20,600,test,1_a,5_d,0
927,20,600,test,1_a,5_d,0
928,16,480,test,1_a,4_d,0
929,16,480,test,1_a,4_d,0
930,20,600,test,1_a,5_d,0
931,24,720,test,1_a,6_d,0
932,588,17640,test,1_a,147_d,0
933,20,600,test,1_a,5_d,0
934,16,480,test,1_a,4_d,0
935,19,570,test,1_a,5_c,0
936,60,1800,test,1_a,15_d,0
937,24,720,test,1_a,6_d,0
938,28,840,test,1_a,7_d,0
939,36,1080,test,1_a,9_d,0
940,136,4080,test,1_a,34_d,0
941,52,1560,test,1_a,13_d,0
942,60,1800,test,1_a,15_d,0
943,36,1080,test,1_a,9_d,0
944,56,1680,test,1_a,14_d,0
945,132,3960,test,1_a,33_d,0
946,220,6600,test,1_a,55_d,0
947,60,1800,test,1_a,15_d,0
948,84,2520,test,1_a,21_d,0
951,20,600,test,1_a,5_d,0
952,16,480,test,1_a,4_d,0
953,28,840,test,1_a,7_d,0
954,20,600,pedestal,1_a,5_d,0
955,28,840,test,1_a,7_d,0
956,20,600,test,1_a,5_d,0
957,14,420,test,1_a,4_b,0
958,4,120,test,1_a,1_d,0
959,16,480,test,1_a,4_d,0
960,12,360,test,1_a,3_d,0
961,4,120,test,1_a,1_d,0
962,8,240,test,1_a,2_d,0
963,4,120,test,1_a,1_d,0
964,4,120,test,1_a,1_d,0
965,4,120,test,1_a,1_d,0
966,12,360,test,1_a,3_d,0
967,12,360,test,1_a,3_d,0
968,20,600,test,1_a,5_d,0
969,24,720,test,1_a,6_d,0
970,12,360,test,1_a,3_d,0
971,12,360,test,1_a,3_d,0
972,20,600,test,1_a,5_d,0
973,64,1920,test,1_a,16_d,0
974,28,840,test,1_a,7_d,0
975,36,1080,test,1_a,9_d,0
976,28,840,test,1_a,7_d,0
977,24,720,test,1_a,6_d,0
978,36,1080,test,1_a,9_d,0
979,12,360,test,1_a,3_d,0
980,32,960,test,1_a,8_d,0
981,56,1680,test,1_a,14_d,0
982,20,600,test,1_a,5_d,0
983,4,120,test,1_a,1_d,0
984,24,720,test,1_a,6_d,0
985,44,1320,test,1_a,11_d,0
986,36,1080,pedestal,1_a,9_d,0
987,24,720,test,1_a,6_d,0
988,20,600,test,1_a,5_d,0
989,24,720,test,1_a,6_d,0
990,4,120,test,1_a,1_d,0
991,2,60,test,1_a,1_b,0
992,12,360,test,1_a,3_d,0
993,4,120,test,1_a,1_d,0
994,4,120,test,1_a,1_d,0
995,28,840,pedestal,1_a,7_d,0
996,20,600,test,1_a,5_d,0
997,24,720,test,1_a,6_d,0
998,24,720,test,1_a,6_d,0
999,24,720,test,1_a,6_d,0
1000,28,840,test,1_a,7_d,0
1001,32,960,test,1_a,8_d,0
1002,48,1440,test,1_a,12_d,0
1003,20,600,test,1_a,5_d,0
1004,16,480,test,1_a,4_d,0
1005,28,840,test,1_a,7_d,0
1006,20,600,test,1_a,5_d,0
1007,20,600,test,1_a,5_d,0
1008,16,480,test,1_a,4_d,0
1009,32,960,test,1_a,8_d,0
1010,32,960,test,1_a,8_d,0
1011,24,720,test,1_a,6_d,0
1012,32,960,test,1_a,8_d,0
1013,61,1830,cosmics,1_a,16_a,0
1014,447,13410,test,1_a,112_d,1
1015,24,720,test,1_a,6_d,0
1016,20,600,test,1_a,5_d,0
1017,16,480,test,1_a,4_d,0
1018,116,3480,test,1_a,29_d,0
1019,44,1320,cosmics,1_a,11_d,0
1020,100,3000,test,1_a,25_d,0
1021,36,1080,test,1_a,9_d,0
1022,32,960,test,1_a,8_d,0
1023,40,1200,cosmics,1_a,10_d,0
1024,64,1920,cosmics,1_a,16_d,0
1025,64,1920,cosmics,1_a,16_d,0
1026,88,2640,cosmics,1_a,22_d,0
1027,184,5520,cosmics,1_a,46_d,0
1028,72,2160,cosmics,1_a,18_d,0
1029,36,1080,cosmics,1_a,9_d,0
1030,28,840,cosmics,1_a,7_d,0
1031,72,2160,cosmics,1_a,18_d,0
1032,68,2040,cosmics,1_a,17_d,0
1033,64,1920,cosmics,1_a,16_d,0
1034,68,2040,cosmics,1_a,17_d,0
1035,40,1200,cosmics,1_a,10_d,0
1036,24,720,test,1_a,6_d,0
1037,32,960,pedestal,1_a,8_d,0
1038,44,1320,test,1_a,11_d,0
1039,20,600,test,1_a,5_d,0
1040,92,2760,test,1_a,23_d,0
1041,68,2040,test,1_a,17_d,0
1042,68,2040,test,1_a,17_d,0
1043,68,2040,test,1_a,17_d,0
1044,68,2040,test,1_a,17_d,0
1045,76,2280,test,1_a,19_d,0
1046,16,480,test,1_a,4_d,0
1047,216,6480,test,1_a,54_d,0
1048,220,6600,cosmics,1_a,55_d,0
1049,80,2400,cosmics,1_a,20_d,0
1050,140,4200,cosmics,1_a,35_d,0
1051,332,9960,cosmics,1_a,83_d,0
1052,4,120,cosmics,1_a,1_d,0
1053,109,3270,cosmics,1_a,28_a,0
1054,160,4800,test,1_a,40_d,0
1055,312,9360,test,1_a,78_d,0
1056,28,840,test,1_a,7_d,0
1057,16,480,test,1_a,4_d,0
1058,24,720,test,1_a,6_d,0
1059,36,1080,test,1_a,9_d,0
1060,40,1200,test,1_a,10_d,0
1061,40,1200,test,1_a,10_d,0
1062,68,2040,test,1_a,17_d,0
1063,16,480,cosmics,1_a,4_d,0
1064,156,4680,cosmics,1_a,39_d,0
1065,212,6360,cosmics,1_a,53_d,0
1066,196,5880,cosmics,1_a,49_d,0
1067,276,8280,cosmics,1_a,69_d,0
1068,104,3120,cosmics,1_a,26_d,0
1069,40,1200,cosmics,1_a,10_d,0
1070,60,1800,test,1_a,15_d,0
1071,16,480,test,1_a,4_d,0
1072,48,1440,test,1_a,12_d,0
1073,108,3240,cosmics,1_a,27_d,0
1074,224,6720,cosmics,1_a,56_d,0
1075,24,720,pedestal,1_a,6_d,0
1076,32,960,test,1_a,8_d,0
1077,36,1080,test,1_a,9_d,0
1078,84,2520,test,1_a,21_d,0
1079,272,8160,test,1_a,68_d,0
1080,32,960,pedestal,1_a,8_d,0
1081,40,1200,test,1_a,10_d,0
1082,24,720,test,1_a,6_d,0
1083,24,720,test,1_a,6_d,0
1084,16,480,test,1_a,4_d,0
1085,52,1560,test,1_a,13_d,0
1086,31,930,test,1_a,8_c,0
1087,40,1200,test,1_a,10_d,0
1088,136,4080,cosmics,1_a,34_d,0
1089,68,2040,cosmics,1_a,17_d,0
1090,116,3480,cosmics,1_a,29_d,0
1091,204,6120,cosmics,1_a,51_d,0
1092,640,19200,cosmics,1_a,160_d,0
1093,448,13440,cosmics,1_a,112_d,0
1094,588,17640,cosmics,1_a,147_d,0
1095,288,8640,cosmics,1_a,72_d,0
1096,320,9600,cosmics,1_a,80_d,0
1097,396,11880,cosmics,1_a,99_d,0
1098,116,3480,cosmics,1_a,29_d,0
1099,28,840,pedestal,1_a,7_d,0
1100,24,720,test,1_a,6_d,0
1101,20,600,test,1_a,5_d,0
1102,96,2880,test,1_a,24_d,0
1103,136,4080,test,1_a,34_d,0
1104,60,1800,cosmics,1_a,15_d,0
1105,284,8520,cosmics,1_a,71_d,0
1106,252,7560,cosmics,1_a,63_d,0
1107,248,7440,cosmics,1_a,62_d,0
1108,280,8400,cosmics,1_a,70_d,0
1109,424,12720,cosmics,1_a,106_d,0
1110,308,9240,cosmics,1_a,77_d,0
1111,144,4320,cosmics,1_a,36_d,0
1112,300,9000,cosmics,1_a,75_d,0
1113,312,9360,cosmics,1_a,78_d,0
1114,592,17760,cosmics,1_a,148_d,0
1115,276,8280,cosmics,1_a,69_d,0
1116,244,7320,cosmics,1_a,61_d,0
1117,208,6240,cosmics,1_a,52_d,0
1118,220,6600,cosmics,1_a,55_d,0
1119,256,7680,cosmics,1_a,64_d,0
1120,60,1800,cosmics,1_a,15_d,0
1121,40,1200,cosmics,1_a,10_d,0
1122,12,360,cosmics,1_a,3_d,0
1123,4,120,cosmics,1_a,1_d,0
1124,820,24600,cosmics,1_a,205_d,0
1125,4,120,test,1_a,1_d,0
1127,16,480,pedestal,1_a,4_d,0
1128,44,1320,pedestal,1_a,11_d,0
1129,20,600,test,1_a,5_d,0
1130,16,480,test,1_a,4_d,0
1131,16,480,pedestal,1_a,4_d,0
1132,24,720,test,1_a,6_d,0
1133,20,600,pedestal,1_a,5_d,0
1134,20,600,test,1_a,5_d,0
1135,28,840,test,1_a,7_d,0
1136,140,4200,cosmics,1_a,35_d,0
1137,260,7800,cosmics,1_a,65_d,0
1138,128,3840,cosmics,1_a,32_d,0
1139,56,1680,cosmics,1_a,14_d,0
1140,18,540,test,1_a,5_b,0
1141,24,720,test,1_a,6_d,0
1142,20,600,test,1_a,5_d,0
1143,36,1080,test,1_a,9_d,0
1144,20,600,test,1_a,5_d,0
1145,24,720,test,1_a,6_d,0
1146,28,840,test,1_a,7_d,0
1147,24,720,test,1_a,6_d,0
1148,20,600,pedestal,1_a,5_d,0
1149,28,840,pedestal,1_a,7_d,0
1150,20,600,test,1_a,5_d,0
1151,20,600,test,1_a,5_d,0
1152,92,2760,test,1_a,23_d,0
1153,316,9480,cosmics,1_a,79_d,0
1154,184,5520,cosmics,1_a,46_d,0
1155,304,9120,cosmics,1_a,76_d,0
1156,516,15480,cosmics,1_a,129_d,0
1157,1800,54000,cosmics,1_a,450_d,0
1158,148,4440,cosmics,1_a,37_d,0
1159,140,4200,cosmics,1_a,35_d,0
1160,108,3240,cosmics,1_a,27_d,0
1161,840,25200,cosmics,1_a,210_d,0
1162,36,1080,pedestal,1_a,9_d,0
1163,28,840,test,1_a,7_d,0
1164,44,1320,test,1_a,11_d,0
1165,56,1680,test,1_a,14_d,0
1166,136,4080,test,1_a,34_d,0
1167,300,9000,cosmics,1_a,75_d,0
1168,251,7530,cosmics,1_a,63_c,0
1169,336,10080,cosmics,1_a,84_d,0
1170,52,1560,cosmics,1_a,13_d,0
1171,460,13800,cosmics,1_a,115_d,0
1172,420,12600,cosmics,1_a,105_d,0
1173,440,13200,cosmics,1_a,110_d,0
1174,24,720,pedestal,1_a,6_d,0
1175,40,1200,test,1_a,10_d,0
1176,32,960,test,1_a,8_d,0
1177,28,840,pedestal,1_a,7_d,0
1178,112,3360,pedestal,1_a,28_d,0
1179,36,1080,test,1_a,9_d,0
1180,24,720,test,1_a,6_d,0
1181,16,480,test,1_a,4_d,0
1182,24,720,test,1_a,6_d,0
1183,124,3720,test,1_a,31_d,0
1184,48,1440,cosmics,1_a,12_d,0
1185,164,4920,cosmics,1_a,41_d,0
1186,132,3960,cosmics,1_a,33_d,0
1187,176,5280,cosmics,1_a,44_d,0
1188,280,8400,test,1_a,70_d,0
1189,28,840,test,1_a,7_d,0
1190,16,480,test,1_a,4_d,0
1191,20,600,test,1_a,5_d,0
1192,16,480,test,1_a,4_d,0
1193,16,480,test,1_a,4_d,0
1194,28,840,test,1_a,7_d,0
1195,24,720,test,1_a,6_d,0
1196,48,1440,test,1_a,12_d,0
1197,29,870,test,1_a,8_a,0
1198,72,2160,test,1_a,18_d,0
1199,36,1080,test,1_a,9_d,0
1200,48,1440,test,1_a,12_d,0
1201,28,840,pedestal,1_a,7_d,0
1202,28,840,test,1_a,7_d,0
1203,25,750,test,1_a,7_a,0
1204,20,600,test,1_a,5_d,0
1205,28,840,test,1_a,7_d,0
1206,24,720,test,1_a,6_d,0
1207,28,840,test,1_a,7_d,0
1208,208,6240,test,1_a,52_d,0
1209,1336,40080,cosmics,1_a,334_d,0
1210,1096,32880,cosmics,1_a,274_d,0
1211,36,1080,cosmics,1_a,9_d,0
1212,766,22980,cosmics,1_a,192_d,2
1213,412,12360,cosmics,1_a,103_d,0
1214,2132,63960,cosmics,1_a,533_d,0
1215,284,8520,cosmics,1_a,71_d,0
1216,240,7200,cosmics,1_a,60_d,0
1217,108,3240,cosmics,1_a,27_d,0
1218,340,10200,cosmics,1_a,85_d,0
1219,184,5520,cosmics,1_a,46_d,0
1220,28,840,test,1_a,7_d,0
1221,16,480,pedestal,1_a,4_d,0
1222,20,600,test,1_a,5_d,0
1223,36,1080,pedestal,1_a,9_d,0
1224,72,2160,test,1_a,18_d,0
1225,48,1440,test,1_a,12_d,0
1226,80,2400,test,1_a,20_d,0
1227,32,960,test,1_a,8_d,0
1228,16,480,test,1_a,4_d,0
1229,24,720,test,1_a,6_d,0
1230,28,840,pedestal,1_a,7_d,0
1231,28,840,test,1_a,7_d,0
1241,4,120,test,1_a,1_d,0
1242,4,120,test,1_a,1_d,0
1243,4,120,test,1_a,1_d,0
1244,24,720,test,1_a,6_d,0
1245,28,840,test,1_a,7_d,0
1246,20,600,pedestal,1_a,5_d,0
1247,28,840,test,1_a,7_d,0
1248,48,1440,test,1_a,12_d,0
1249,164,4920,test,1_a,41_d,0
1250,140,4200,cosmics,1_a,35_d,0
1251,1192,35760,cosmics,1_a,298_d,0
1252,24,720,cosmics,1_a,6_d,0
1253,72,2160,test,1_a,18_d,0
1254,68,2040,cosmics,1_a,17_d,0
1255,1072,32160,cosmics,1_a,268_d,0
1256,668,20040,cosmics,1_a,167_d,0
1257,24,720,pedestal,1_a,6_d,0
1258,24,720,test,1_a,6_d,0
1259,28,840,test,1_a,7_d,0
1260,24,720,test,1_a,6_d,0
1261,176,5280,test,1_a,44_d,0
1262,1116,33480,cosmics,1_a,279_d,0
1263,616,18480,cosmics,1_a,154_d,0
1264,204,6120,cosmics,1_a,51_d,0
1265,1696,50880,cosmics,1_a,424_d,0
1266,104,3120,test,1_a,26_d,0
1267,152,4560,cosmics,1_a,38_d,0
1268,6,180,cosmics,1_a,2_b,0
1269,956,28680,cosmics,1_a,239_d,0
1270,8,240,cosmics,1_a,2_d,0
1271,288,8640,cosmics,1_a,72_d,0
1272,212,6360,cosmics,1_a,53_d,0
1273,120,3600,cosmics,1_a,30_d,0
1274,68,2040,test,1_a,17_d,0
1275,176,5280,cosmics,1_a,44_d,0
1276,320,9600,cosmics,1_a,80_d,0
1277,60,1800,pedestal,1_a,15_d,0
1278,24,720,test,1_a,6_d,0
1279,28,840,test,1_a,7_d,0
1280,24,720,test,1_a,6_d,0
1281,32,960,test,1_a,8_d,0
1282,24,720,test,1_a,6_d,0
1283,16,480,test,1_a,4_d,0
1284,140,4200,test,1_a,35_d,0
1285,24,720,test,1_a,6_d,0
1286,20,600,test,1_a,5_d,0
1287,20,600,test,1_a,5_d,0
1288,24,720,test,1_a,6_d,0
1289,8,240,test,1_a,2_d,0
1290,28,840,test,1_a,7_d,0
1291,28,840,pedestal,1_a,7_d,0
1292,25,750,test,1_a,7_a,0
1293,148,4440,test,1_a,37_d,0
1294,980,29400,cosmics,1_a,245_d,0
1295,180,5400,test,1_a,45_d,0
1296,20,600,pedestal,1_a,5_d,0
1297,32,960,test,1_a,8_d,0
1298,36,1080,test,1_a,9_d,0
1299,4,120,test,1_a,1_d,0
1300,49,1470,test,1_a,13_a,0
1301,24,720,test,1_a,6_d,0
1302,40,1200,test,1_a,10_d,0
1303,44,1320,test,1_a,11_d,0
1304,56,1680,test,1_a,14_d,0
1305,32,960,test,1_a,8_d,0
1312,44,1320,test,1_a,11_d,0
1314,28,840,test,1_a,7_d,0
1315,32,960,test,1_a,8_d,0
1316,36,1080,test,1_a,9_d,0
1317,20,600,pedestal,1_a,5_d,0
1318,24,720,test,1_a,6_d,0
1319,36,1080,test,1_a,9_d,0
1320,28,840,test,1_a,7_d,0
1321,280,8400,test,1_a,70_d,0
1322,136,4080,test,1_a,34_d,0
1323,384,11520,cosmics,1_a,96_d,0
1324,944,28320,test,1_a,236_d,0
1325,312,9360,test,1_a,78_d,0
1326,4,120,test,1_a,1_d,0
1327,400,12000,cosmics,1_a,100_d,0
1328,4,120,test,1_a,1_d,0
1329,976,29280,test,1_a,244_d,0
1330,180,5400,test,1_a,45_d,0
1331,404,12120,cosmics,1_a,101_d,0
1332,388,11640,test,1_a,97_d,0
1333,76,2280,test,1_a,19_d,0
1334,20,600,test,1_a,5_d,0
1335,24,720,test,1_a,6_d,0
1336,248,7440,test,1_a,62_d,0
1337,404,12120,cosmics,1_a,101_d,0
1338,84,2520,test,1_a,21_d,0
1339,124,3720,test,1_a,31_d,0
1340,276,8280,test,1_a,69_d,0
1341,64,1920,test,1_a,16_d,0
1342,32,960,test,1_a,8_d,0
1343,60,1800,test,1_a,15_d,0
1344,4,120,test,1_a,1_d,0
1345,40,1200,test,1_a,10_d,0
1346,4,120,test,1_a,1_d,0
1347,4,120,test,1_a,1_d,0
1348,4,120,test,1_a,1_d,0
1349,4,120,test,1_a,1_d,0
1350,8,240,test,1_a,2_d,0
1351,40,1200,test,1_a,10_d,0
1352,36,1080,test,1_a,9_d,0
1353,60,1800,pedestal,1_a,15_d,0
1354,36,1080,pedestal,1_a,9_d,0
1355,36,1080,test,1_a,9_d,0
1356,24,720,test,1_a,6_d,0
1357,30,900,pedestal,1_a,8_d,2
1358,32,960,pedestal,1_a,8_d,0
1359,4,120,pedestal,1_a,1_d,0
1360,24,720,pedestal,1_a,6_d,0
1361,24,720,pedestal,1_a,6_d,0
1362,24,720,test,1_a,6_d,0
1363,20,600,test,1_a,5_d,0
1364,56,1680,test,1_a,14_d,0
1365,140,4200,test,1_a,35_d,0
1366,124,3720,test,1_a,31_d,0
1367,112,3360,test,1_a,28_d,0
1368,40,1200,test,1_a,10_d,0
1369,44,1320,test,1_a,11_d,0
1370,32,960,pedestal,1_a,8_d,0
1371,52,1560,test,1_a,13_d,0
1372,20,600,test,1_a,5_d,0
1373,20,600,test,1_a,5_d,0
1374,24,720,test,1_a,6_d,0
1375,28,840,test,1_a,7_d,0
1376,8,240,test,1_a,2_d,0
1377,16,480,test,1_a,4_d,0
1378,20,600,test,1_a,5_d,0
1379,24,720,test,1_a,6_d,0
1380,56,1680,test,1_a,14_d,0
1381,44,1320,test,1_a,11_d,0
1382,28,840,test,1_a,7_d,0
1383,29,870,test,1_a,8_a,0
1384,60,1800,test,1_a,15_d,0
1385,40,1200,test,1_a,10_d,0
1386,248,7440,test,1_a,62_d,0
1387,144,4320,cosmics,1_a,36_d,0
1388,244,7320,cosmics,1_a,61_d,0
1389,76,2280,test,1_a,19_d,0
1390,1144,34320,test,1_a,286_d,0
1391,152,4560,test,1_a,38_d,0
1392,400,12000,cosmics,1_a,100_d,0
1393,216,6480,test,1_a,54_d,0
1394,72,2160,test,1_a,18_d,0
1395,16,480,test,1_a,4_d,0
1396,4,120,test,1_a,1_d,0
1397,60,1800,test,1_a,15_d,0
1398,20,600,pedestal,1_a,5_d,0
1399,60,1800,test,1_a,15_d,0
1400,472,14160,test,1_a,118_d,0
1401,816,24480,cosmics,1_a,204_d,0
1402,376,11280,test,1_a,94_d,0
1403,404,12120,test,1_a,101_d,0
1404,644,19320,test,1_a,161_d,0
1405,604,18120,cosmics,1_a,151_d,0
1406,904,27120,test,1_a,226_d,0
1407,852,25560,cosmics,1_a,213_d,0
1408,84,2520,test,1_a,21_d,0
1409,4,120,cosmics,1_a,1_d,0
1410,399,11970,cosmics,1_a,100_d,1
1411,396,11880,cosmics,1_a,99_d,0
1412,140,4200,test,1_a,35_d,0
1413,404,12120,cosmics,1_a,101_d,0
1414,320,9600,test,1_a,80_d,0
1415,164,4920,cosmics,1_a,41_d,0
1416,108,3240,test,1_a,27_d,0
1417,1008,30240,test,1_a,252_d,0
1418,20,600,test,1_a,5_d,0
1419,420,12600,test,1_a,105_d,0
1420,40,1200,test,1_a,10_d,0
